persona,Q1value,Q2value,Q3value,Q4value
p1,66.73506743737957,59.25722543352601,33.13996138996139,33.343023255813954
p2,66.53143418467583,59.10707269155206,33.29567779960707,34.7942631058358
p3,66.59661354581674,61.24701195219124,35.796780684104625,35.84284284284284
p4,62.25458052073289,54.611378977820635,32.3484555984556,32.571014492753626
