persona,University Freshman,Literary Researcher,Emotional Poet,Emotionless Robot
University Freshman,1.0,0.9988627028377078,0.9978244922156219,0.9995088446990041
Literary Researcher,0.9988627028377078,1.0,0.9960120510099106,0.9989113522576024
Emotional Poet,0.9978244922156219,0.9960120510099106,1.0,0.9952922124195107
Emotionless Robot,0.9995088446990041,0.9989113522576024,0.9952922124195107,1.0
