persona,University Freshman,Literary Researcher,Emotional Poet,Emotionless Robot
University Freshman,1.0,0.9302777350186981,0.9903217981828681,0.9755227495914498
Literary Researcher,0.9302777350186981,1.0,0.9471914858019558,0.9779305001241495
Emotional Poet,0.9903217981828681,0.9471914858019558,1.0,0.9924570013182828
Emotionless Robot,0.9755227495914498,0.9779305001241495,0.9924570013182828,1.0
