text,The Handkerchief,Money and Pistol,A Ragged Ostrich
The Handkerchief,1.0,0.900287554118731,-0.9129742764548404
Money and Pistol,0.900287554118731,1.0,-0.8403116689012311
A Ragged Ostrich,-0.9129742764548404,-0.8403116689012311,1.0
