{
  "cluster_1": {
    "size": 20,
    "mean": {
      "Q1reason": 100.18050000000001,
      "Q2reason": 91.04400000000001,
      "Q3reason": 84.799,
      "Q4reason": 89.17299999999999
    },
    "std": {
      "Q1reason": 16.98839711623635,
      "Q2reason": 13.065423392337989,
      "Q3reason": 13.945410827863578,
      "Q4reason": 12.46344891863277
    },
    "models": [
      "DeepSeek-R1",
      "DeepSeek-V3",
      "DeepSeek-V3-0324",
      "Llama-4-Scout-17B",
      "Qwen2.5-VL-7B-Instruct",
      "Qwen3-235B-A22B-FP8",
      "claude-3-5-haiku-20241022",
      "claude-3-5-sonnet-20241022",
      "gemini-2.0-flash",
      "gemini-2.0-flash-lite",
      "gemma-3-1b-it",
      "gemma-3-27b-it",
      "gpt-4.1",
      "gpt-4.1-mini",
      "gpt-4.1-nano",
      "gpt-4o",
      "gpt-4o-mini",
      "o1-mini",
      "o3",
      "o4-mini"
    ],
    "center": [
      98.6611970674599,
      90.32186432529315,
      83.5620757511537,
      89.07873326719933
    ]
  },
  "cluster_2": {
    "size": 16,
    "mean": {
      "Q1reason": 137.575,
      "Q2reason": 132.81937499999998,
      "Q3reason": 126.18,
      "Q4reason": 137.481875
    },
    "std": {
      "Q1reason": 15.242647189164137,
      "Q2reason": 14.132634323319438,
      "Q3reason": 14.530493453424077,
      "Q4reason": 17.265100142097833
    },
    "models": [
      "Llama-3.3-70B-Instruct-Turbo",
      "Llama-4-Maverick-17B",
      "claude-3-7-sonnet-20250219",
      "claude-3-haiku-20240307",
      "gemini-2.0-flash-thinking-exp",
      "gemini-2.0-pro-exp",
      "gemini-2.5-flash-preview-04-17",
      "gemini-2.5-pro-preview-03-25",
      "gemma-3-12b-it",
      "gemma-3-4b-it",
      "grok-2-latest",
      "grok-3-fast-latest",
      "grok-3-latest",
      "grok-3-mini-fast-latest",
      "grok-3-mini-latest",
      "o3-mini"
    ],
    "center": [
      137.84780000562125,
      132.31180233655272,
      125.56005817374201,
      136.36364541751072
    ]
  }
}