persona,大学1年生,文学研究者,感情豊かな詩人,無感情なロボット
大学1年生,1.0,0.9988627028377078,0.9978244922156219,0.9995088446990041
文学研究者,0.9988627028377078,1.0,0.9960120510099106,0.9989113522576024
感情豊かな詩人,0.9978244922156219,0.9960120510099106,1.0,0.9952922124195107
無感情なロボット,0.9995088446990041,0.9989113522576024,0.9952922124195107,1.0
