text,懐中時計,お金とピストル,ぼろぼろな駝鳥
懐中時計,1.0,0.8848896756738496,-0.9733356956860311
お金とピストル,0.8848896756738496,1.0,-0.9037613532856
ぼろぼろな駝鳥,-0.9733356956860311,-0.9037613532856,1.0
