text,Q1value,Q2value,Q3value,Q4value
t1,71.8923076923077,42.74065934065934,15.415384615384616,11.357509157509158
t2,81.9176217765043,77.06518624641834,19.023843930635838,33.12958963282937
t3,41.86452095808383,55.29940119760479,67.37977528089888,58.6432350718065
